ts	phase	decision	why	evidence	result
2026-09-12T17:43:00Z	lantern	Restored the Kongming lantern on the welcome overlay instead of bringing in the closed vNext motion system	The lantern code was still in the tree but unused after PI_LOGO replaced it. The operator asked for motion, not a new layout.	commit f093790, src/welcome/lantern.ts, PR #4	implemented
2026-09-12T17:46:00Z	lantern	Paint the overlay at 100 ms while the lantern is on, and keep the 30 s countdown	80 ms and a second timer were considered. One interval is enough if countdown still ticks once a second.	src/welcome/motion-policy.ts:14, tests/welcome-motion.test.ts	tests green
2026-09-12T17:50:00Z	verify	Shipped the lantern slice and opened draft PR #4	Needed a reviewable branch before growing the work.	commit f093790, https://github.com/ChefGroep/pi-wishcraft/pull/4	CI green
2026-09-12T21:34:00Z	catalog	Grew the same PR into a 30-entry powerline catalog and 35 keyword triggers	The operator said lantern-only flicker was too simple. Welcome is 30 seconds. The status bar is the session.	commit b5c0c0f, src/motion/catalog.ts, docs/plans/2026-09-12-motion-x30-powerline-keywords.md	implemented
2026-09-12T21:40:00Z	keywords	Paint color on the cached powerline after layout, with a 50 ms timer only while streaming, burst, or hold	Baking flicker into segment render would freeze on the 250 ms / 1000 ms layout cache. Recoloring the live editor would move the cursor.	src/motion/runtime.ts, src/extension/ui/status-line-renderers.ts, tests/motion-wiring.test.ts	implemented
2026-09-12T21:44:00Z	verify	Committed the x30 engine before the full suite finished, then hit two test failures	Cloud flow asks for a pre-test commit. NO_COLOR is cached, and one assert compared ANSI-wrapped text.	commit b5c0c0f	tests failed
2026-09-12T21:46:00Z	verify	Injected the color flag into the runtime and asserted on stripped text	Forward fix instead of revert. The failures were in the tests, not the paint.	commit 7417b89, tests/motion.test.ts	489 tests green, CI green
2026-09-13T19:27:00Z	types	Made MotionPaint a sum type none | keyword | catalog, and dropped none as a style id	Idle cannot carry a style. Burst cannot exist without a keyword hit.	commit 3609ceb, src/motion/types.ts	489 tests green, CI green
2026-09-13T19:40:00Z	thermos	Stopped at the thermos review until the operator said to fix it	The review found idle hold after submit, emoji span shift, unused catalog speed, and keyword style copies that had already drifted.	PR #4, src/motion/keywords.ts (pre-fix style/intensity columns)	blocked
2026-09-13T21:06:00Z	hold	Stopped feeding the submitted prompt into motion.noteText. The editor now notes the live draft only.	before_agent_start plus a lastUserPrompt fallback kept think / max / wish painting the idle bar after submit. Hold should last only while the draft still contains the word.	src/extension/session/session-lifecycle.ts:314, src/extension/ui/custom-editor.ts:315, tests/motion.test.ts (empty noteText after ultrathink)	idle paint clears
2026-09-13T21:08:00Z	keywords	Match on stripped text and convert RegExp.index to a Unicode code-point index	please 👍 ultrathink painted the wrong slice because exec indexes UTF-16 and paint walks code points.	src/motion/keywords.ts:62, tests/motion.test.ts:61	span is ultrathink
2026-09-13T21:10:00Z	catalog	Keywords are id, pattern, catalogId only. Paint reads style, intensity, and speed from the catalog. Burst multiplies speed by 1.45.	rune listed pulse/2 while rune-flare is heat/3. speed was stored then ignored. Named looks were the same frames.	src/motion/keywords.ts:5, src/motion/runtime.ts:83, tests/motion.test.ts:71	catalog is the look
2026-09-13T21:12:00Z	primitives	Gave each of the nine styles its own geometry and passed catalog speed into colorForStyle	A shared band() plus speed = 0.45 + intensity * 0.28 made ember, heat, and comet look alike.	src/motion/primitives.ts:106, tests/motion.test.ts:119	nine distinct frames
2026-09-13T21:16:00Z	verify	Committed the thermos fixes before typecheck, then typecheck failed on decorateKeywordLine	Cloud flow asks for a pre-test commit. A parameter used a semicolon.	commit 3719e51, src/motion/runtime.ts:121	typecheck failed, CI failed
2026-09-13T21:17:00Z	verify	Fixed the parameter syntax and re-ran the gates	Forward fix. 3719e51 was superseded, not reverted.	commit 55f3d1a, npm run typecheck, npm test, npx madge --circular src index.ts bash-mode queue	493 tests green, no cycles
2026-09-13T21:19:00Z	ci	HEAD CI passed. The failure event was for the superseded 3719e51 commit.	No extra code change.	https://github.com/ChefGroep/pi-wishcraft/actions/runs/34783365512, commit 55f3d1a	CI green
2026-09-13T22:08:00Z	trail	Wrote this log from the run transcript and the commits above	The operator asked to see the work.	.audit/welcome-lantern-motion.tsv	open
2026-09-13T22:22:19Z	trail	Thermos review started at 19:29 and the writeups landed at 19:44, not 19:40	The earlier thermos row rounded the wait between the command and the two review results.	transcript /thermos 19:29:24, subagent results 19:44:11	supersedes 2026-09-13T19:40:00Z thermos row
2026-09-13T22:22:19Z	thermos	Left session-lifecycle.ts at 473 lines, over the AGENTS.md split note of about 450	It was already 465 on main. Motion arm() calls added more. Typecheck, tests, and madge do not count lines.	src/extension/session/session-lifecycle.ts	open
2026-09-13T22:22:19Z	primitives	Did not record the live bar. Distinctness is different ANSI strings at a frozen timestamp.	Nine geometries can still look similar in a real terminal. The impressive claim is not visually signed off.	tests/motion.test.ts:127	INCONCLUSIVE for live look
2026-09-13T23:35:20Z	thermos	Split session-lifecycle.ts: start/shutdown stay, agent-turn and session-alerts and agent-context are siblings	AGENTS.md asks to split around 450 lines. The file was 473. CI did not catch that.	commit 3ed44c8, src/extension/session/session-lifecycle.ts (230 lines), tests/remaining-regressions.test.ts session modules stay under the 450-line split note	230 and 169 lines, typecheck clean, no cycles
2026-09-13T23:35:20Z	agents	Task subagents use composer or grok 4.6 from now on	Operator asked to stop picking other model families.	AGENTS.md Subagents rule	written
2026-09-13T23:58:21Z	quality	Shared clampByte/ansi/isRecord, split style-paint and wishcraft overlay, timer needsPaint without a throwaway snapshot	Reuse, quality, and efficiency reviews on composer and grok 4.6. Kept paint bytes the same; pulse still emits CSI per glyph.	commit 786ce57, npm test, npx madge --circular	494 tests green, no cycles
